details,etat,adresse,prix_F_Cfa,image_url
Mini scanner auto Outil de diagnostic voitures Bluetooth,Neuf,"Patte d‘oie, Dakar",7000,https://i.roamcdn.net/hz/ed/listing-thumb-224w/4f0a3db39eb965f9b1b405ad2a857afa/-/horizon-files-prod/ed/picture/qkr8exp8/f4749b2e1da8db89c477e7ba499c916fdeb9d5f0.jpg
Mini scanner auto Outil de diagnostic voitures Bluetooth,Neuf,"Patte d‘oie, Dakar",7000,https://i.roamcdn.net/hz/ed/listing-thumb-224w/4f0a3db39eb965f9b1b405ad2a857afa/-/horizon-files-prod/ed/picture/qkr8exp8/f4749b2e1da8db89c477e7ba499c916fdeb9d5f0.jpg
Mini scanner auto Outil de diagnostic voitures Bluetooth,Neuf,"Patte d‘oie, Dakar",7000,https://i.roamcdn.net/hz/ed/listing-thumb-224w/4f0a3db39eb965f9b1b405ad2a857afa/-/horizon-files-prod/ed/picture/qkr8exp8/f4749b2e1da8db89c477e7ba499c916fdeb9d5f0.jpg
Mini scanner auto Outil de diagnostic voitures Bluetooth,Neuf,"Patte d‘oie, Dakar",7000,https://i.roamcdn.net/hz/ed/listing-thumb-224w/4f0a3db39eb965f9b1b405ad2a857afa/-/horizon-files-prod/ed/picture/qkr8exp8/f4749b2e1da8db89c477e7ba499c916fdeb9d5f0.jpg
Mini scanner auto Outil de diagnostic voitures Bluetooth,Neuf,"Patte d‘oie, Dakar",7000,https://i.roamcdn.net/hz/ed/listing-thumb-224w/4f0a3db39eb965f9b1b405ad2a857afa/-/horizon-files-prod/ed/picture/qkr8exp8/f4749b2e1da8db89c477e7ba499c916fdeb9d5f0.jpg
Mini scanner auto Outil de diagnostic voitures Bluetooth,Neuf,"Patte d‘oie, Dakar",7000,https://i.roamcdn.net/hz/ed/listing-thumb-224w/4f0a3db39eb965f9b1b405ad2a857afa/-/horizon-files-prod/ed/picture/qkr8exp8/f4749b2e1da8db89c477e7ba499c916fdeb9d5f0.jpg
Mini scanner auto Outil de diagnostic voitures Bluetooth,Neuf,"Patte d‘oie, Dakar",7000,https://i.roamcdn.net/hz/ed/listing-thumb-224w/4f0a3db39eb965f9b1b405ad2a857afa/-/horizon-files-prod/ed/picture/qkr8exp8/f4749b2e1da8db89c477e7ba499c916fdeb9d5f0.jpg
Mini scanner auto Outil de diagnostic voitures Bluetooth,Neuf,"Patte d‘oie, Dakar",7000,https://i.roamcdn.net/hz/ed/listing-thumb-224w/4f0a3db39eb965f9b1b405ad2a857afa/-/horizon-files-prod/ed/picture/qkr8exp8/f4749b2e1da8db89c477e7ba499c916fdeb9d5f0.jpg
Mini scanner auto Outil de diagnostic voitures Bluetooth,Neuf,"Patte d‘oie, Dakar",7000,https://i.roamcdn.net/hz/ed/listing-thumb-224w/4f0a3db39eb965f9b1b405ad2a857afa/-/horizon-files-prod/ed/picture/qkr8exp8/f4749b2e1da8db89c477e7ba499c916fdeb9d5f0.jpg
Mini scanner auto Outil de diagnostic voitures Bluetooth,Neuf,"Patte d‘oie, Dakar",7000,https://i.roamcdn.net/hz/ed/listing-thumb-224w/4f0a3db39eb965f9b1b405ad2a857afa/-/horizon-files-prod/ed/picture/qkr8exp8/f4749b2e1da8db89c477e7ba499c916fdeb9d5f0.jpg
Mini scanner auto Outil de diagnostic voitures Bluetooth,Neuf,"Patte d‘oie, Dakar",7000,https://i.roamcdn.net/hz/ed/listing-thumb-224w/4f0a3db39eb965f9b1b405ad2a857afa/-/horizon-files-prod/ed/picture/qkr8exp8/f4749b2e1da8db89c477e7ba499c916fdeb9d5f0.jpg
Mini scanner auto Outil de diagnostic voitures Bluetooth,Neuf,"Patte d‘oie, Dakar",7000,https://i.roamcdn.net/hz/ed/listing-thumb-224w/4f0a3db39eb965f9b1b405ad2a857afa/-/horizon-files-prod/ed/picture/qkr8exp8/f4749b2e1da8db89c477e7ba499c916fdeb9d5f0.jpg
Mini scanner auto Outil de diagnostic voitures Bluetooth,Neuf,"Patte d‘oie, Dakar",7000,https://i.roamcdn.net/hz/ed/listing-thumb-224w/4f0a3db39eb965f9b1b405ad2a857afa/-/horizon-files-prod/ed/picture/qkr8exp8/f4749b2e1da8db89c477e7ba499c916fdeb9d5f0.jpg
Mini scanner auto Outil de diagnostic voitures Bluetooth,Neuf,"Patte d‘oie, Dakar",7000,https://i.roamcdn.net/hz/ed/listing-thumb-224w/4f0a3db39eb965f9b1b405ad2a857afa/-/horizon-files-prod/ed/picture/qkr8exp8/f4749b2e1da8db89c477e7ba499c916fdeb9d5f0.jpg
Mini scanner auto Outil de diagnostic voitures Bluetooth,Neuf,"Patte d‘oie, Dakar",7000,https://i.roamcdn.net/hz/ed/listing-thumb-224w/4f0a3db39eb965f9b1b405ad2a857afa/-/horizon-files-prod/ed/picture/qkr8exp8/f4749b2e1da8db89c477e7ba499c916fdeb9d5f0.jpg
Mini scanner auto Outil de diagnostic voitures Bluetooth,Neuf,"Patte d‘oie, Dakar",7000,https://i.roamcdn.net/hz/ed/listing-thumb-224w/4f0a3db39eb965f9b1b405ad2a857afa/-/horizon-files-prod/ed/picture/qkr8exp8/f4749b2e1da8db89c477e7ba499c916fdeb9d5f0.jpg
Mini scanner auto Outil de diagnostic voitures Bluetooth,Neuf,"Patte d‘oie, Dakar",7000,https://i.roamcdn.net/hz/ed/listing-thumb-224w/4f0a3db39eb965f9b1b405ad2a857afa/-/horizon-files-prod/ed/picture/qkr8exp8/f4749b2e1da8db89c477e7ba499c916fdeb9d5f0.jpg
Mini scanner auto Outil de diagnostic voitures Bluetooth,Neuf,"Patte d‘oie, Dakar",7000,https://i.roamcdn.net/hz/ed/listing-thumb-224w/4f0a3db39eb965f9b1b405ad2a857afa/-/horizon-files-prod/ed/picture/qkr8exp8/f4749b2e1da8db89c477e7ba499c916fdeb9d5f0.jpg
Mini scanner auto Outil de diagnostic voitures Bluetooth,Neuf,"Patte d‘oie, Dakar",7000,https://i.roamcdn.net/hz/ed/listing-thumb-224w/4f0a3db39eb965f9b1b405ad2a857afa/-/horizon-files-prod/ed/picture/qkr8exp8/f4749b2e1da8db89c477e7ba499c916fdeb9d5f0.jpg
Mini scanner auto Outil de diagnostic voitures Bluetooth,Neuf,"Patte d‘oie, Dakar",7000,https://i.roamcdn.net/hz/ed/listing-thumb-224w/4f0a3db39eb965f9b1b405ad2a857afa/-/horizon-files-prod/ed/picture/qkr8exp8/f4749b2e1da8db89c477e7ba499c916fdeb9d5f0.jpg
